max_x,max_y,max_z,min_x,min_y,min_z,x_range,y_range,z_range,x_midpoint,y_midpoint,z_midpoint
0.103448845407978,0.0757665178976407,0.0936227953996382,-0.0690666479640154,0.0703379520282413,-0.0209223302150996,0.1725154933719934,0.00542856586939941,0.11454512561473781,0.017191098721981296,0.073052234962941,0.0363502325922693
